<?xml version="1.0" encoding="utf-8"?>
<extension type="plugin" client="site" group="system" method="upgrade">
	<name>PLG_SYSTEM_ARTICLESUBTITLEGHSVS</name>
	<author>G@HService Berlin Neukölln, Volkmar Volli Schlothauer</author>
	<creationDate>2014-10-23</creationDate>
	<copyright>(C) 2014, G@HService Berlin Neukölln, Volkmar Volli Schlothauer (ghsvs.de)</copyright>
	<license>GNU General Public License version 3 or later; see LICENSE.txt.</license>
	<authorUrl>https://www.ghsvs.de</authorUrl>
	<version>2021.09.10</version>
	<description>PLG_SYSTEM_ARTICLESUBTITLEGHSVS_XML_DESCRIPTION</description>

	<versionHistory>
0.0.1:
2015.04.23:
- Paar Descriptions hinzugefügt.
- ImageResizer integriert.
- ImageResizer für Einleitungsbilder fertig.
2015.05.08:
- ImageResizer für Beitragsbilder fertig.
2015.07.07:
- Bugfix autorenaliase.php Bindestrich aus z.B. plattee-Dr. Editha Platte entfernt, da Chosen sonst Dr. nicht findet.
- Neue Einstellung image_popupghsvs_caption und in article-default.php integriert sowie JLayout ghsvs.full_image_venobox verfeinert. In kunstkontext.xml Einstellung venoboxghsvs für Popup (Artikeloptionen) hinzugefügt.
	</versionHistory>

	<updateservers><server type="extension" priority="1" name="PLG_SYSTEM_ARTICLESUBTITLEGHSVS">https://raw.githubusercontent.com/GHSVS-de/upadateservers/master/plg_system_articlesubtitleghsvs-update.xml</server></updateservers>

	<changelogurl>https://raw.githubusercontent.com/GHSVS-de/upadateservers/master/plg_system_articlesubtitleghsvs-changelog.xml</changelogurl>

	<infourl>https://updates.ghsvs.de/changelog.php?file=plg_system_articlesubtitleghsvs</infourl>

	<scriptfile>installerScript.php</scriptfile>
	<minimumPhp>7.2.0</minimumPhp>
	<maximumPhp>8.9999.9999</maximumPhp>
	<minimumJoomla>3.9.0</minimumJoomla>
	<maximumJoomla>4.9999.9999</maximumJoomla>
	<allowDowngrades>1</allowDowngrades>

	<files>
		<filename plugin="articlesubtitleghsvs">articlesubtitleghsvs.php</filename>
		<folder>fields</folder>
		<folder>language</folder>
		<folder>layouts-to-copy-to-admin-template</folder>
		<folder>myforms</folder>
		<folder>sql</folder>
		<folder>src</folder>
		<folder>test</folder>
		<filename>installerScript.php</filename>
		<filename>LICENSE.txt</filename>
		<filename>resize.php</filename>
	</files>

	<namespace path="src">Joomla\Plugin\System\ArticleSubtitleGhsvs</namespace>

	<install>
		<sql>
			<file driver="mysql" charset="utf8">sql/mysql/autorbeschreibungghsvs_content_map.sql</file>
		</sql>
	</install>

	<!--<uninstall>
			<sql>
					<file driver="mysql" charset="utf8">sql/example.uninstall.sql</file>
			</sql>
	</uninstall>-->

	<config>
		<fields name="params" addfieldpath="/plugins/system/articlesubtitleghsvs/fields/">

			<fieldset name="imagesizer">
				<field name="imageoptimizer" type="list" default="0" filter="integer"
					label="Bildoptimierer aktiv"
					>
					<option value="0">JNO</option>
     <option value="1">JYES</option>
				</field>

				<field name="image_intro_size" type="text"
					default="w=360,quality=60,maxOnly=TRUE"
					label="COM_CONTENT_FIELD_INTRO_LABEL"
					 />

				<field name="image_full_size" type="text"
					default="w=550,quality=70,maxOnly=TRUE"
					label="COM_CONTENT_FIELD_FULL_LABEL"
					 />

				<field name="cache_folder" type="text"
					default="cache"
					label="Ablageordner"
					description="Unterverzeichnisse werden automatisch erzeugt." />

				<field name="test_imagick_exec"
					label="PLG_IMGRESIZECACHE_FIELD_TESTIMAGICKEXEC_LABEL"

					type="testimagick" />

				<field name="test_imagick_class"
					label="PLG_IMGRESIZECACHE_FIELD_TESTIMAGICKCLASS_LABEL"

					type="testimagick" />

				<field name="test_imagick_jimage"
					label="PLG_IMGRESIZECACHE_FIELD_TESTJIMAGE_LABEL"

					type="testimagick" />

				<field name="imagick_process" type="list"
					default="class"
					label="PLG_IMGRESIZECACHE_FIELD_IMAGICKPROCESS_LABEL"
					>
					<option value="exec">PLG_IMGRESIZECACHE_FIELD_TESTIMAGICKEXEC_LABEL</option>
					<option value="class">PLG_IMGRESIZECACHE_FIELD_TESTIMAGICKCLASS_LABEL</option>
					<option value="jimage">PLG_IMGRESIZECACHE_FIELD_TESTJIMAGE_LABEL</option>
				</field>

				<field name="imagick_path_to_convert" type="text"
					default="convert"
					label="PLG_IMGRESIZECACHE_FIELD_PATHTOCONVERT_LABEL"
					description="PLG_IMGRESIZECACHE_FIELD_PATHTOCONVERT_DESC"
				/>


			</fieldset>



			<fieldset name="basic">

				<field name="load_in_templates" type="templates" default=""
					label="Plugin in Template laden"
					multiple="true"
					size="10"
					description="Leer = Alle. Das Plugin benötigt Template-Helper TplHelpGhsvs im Templateordner">
				</field>

				<field name="clear_plugin_placeholders" type="list" default="1"
					filter="integer"
					label="Pluginplatzhalter entfernen"
					description="Entfernt störende Pluginplatzhalter aus (Intro)Texten, bspw. für Galerien. {gallery xaz}">
					<option value="0">JNO</option>
     <option value="1">JYES</option>
				</field>

				<field name="clear_images" type="list" default="1" filter="integer"
					label="Bilder entfernen"
					description="Entfernt Bilder aus (Intro)Texten.">
					<option value="0">JNO</option>
     <option value="1">JYES</option>
				</field>

			<field name="contact_category_autorbeschreibungSpacer" type="note"
				class="alert alert-info"
				label="PLG_SYSTEM_ARTICLESUBTITLEGHSVS_CONTACT_CATEGORY"
				description="PLG_SYSTEM_ARTICLESUBTITLEGHSVS_CONTACT_CATEGORY_DESC"/>

				<field name="contact_category_autorbeschreibung" type="category" default=""
				 extension="com_contact"
					required="true"
					label="PLG_SYSTEM_ARTICLESUBTITLEGHSVS_CONTACT_CATEGORY"
					>
					<option value="">---Select a contact category---</option>
				</field>

				<field name="zitierweise_active" type="list" default="1"
					filter="integer"
					label="PLG_SYSTEM_ARTICLESUBTITLEGHSVS_ZITIERWEISE_ACTIVE_LBL"

					class="btn-group btn-group-yesno">
					<option value="1">JYES</option>
					<option value="0">JNO</option>
				</field>

				<field name="autorbeschreibung_active" type="list" default="1"
					filter="integer"
					label="PLG_SYSTEM_ARTICLESUBTITLEGHSVS_AUTORBESCHREIBUNG_ACTIVE_LBL">
					<option value="1">JYES</option>
					<option value="0">JNO</option>
				</field>

			</fieldset>
		</fields>
	</config>

</extension>
